{"cameraMode":{"drawMode":0,"name":"Shaded","section":"Shading Mode"},"sceneLighting":false,"audioPlay":false,"sceneViewState":{"m_AlwaysRefresh":false,"showFog":true,"showSkybox":false,"showFlares":true,"showImageEffects":true,"showParticleSystems":true,"showVisualEffectGraphs":true,"m_FxEnabled":true},"in2DMode":false,"pivot":{"x":0.5781631469726563,"y":0.47999998927116396,"z":1.8468050956726075},"rotation":{"x":-0.17641077935695649,"y":-0.4364789128303528,"z":0.08771079033613205,"w":-0.8778785467147827},"size":0.7363893389701843,"orthographic":false}