{"cameraMode":{"drawMode":0,"name":"Shaded","section":"Shading Mode"},"sceneLighting":true,"audioPlay":false,"sceneViewState":{"m_AlwaysRefresh":false,"showFog":true,"showSkybox":true,"showFlares":true,"showImageEffects":true,"showParticleSystems":true,"showVisualEffectGraphs":true,"m_FxEnabled":false},"in2DMode":false,"pivot":{"x":-1.5048702955245972,"y":6.143700122833252,"z":-7.174222946166992},"rotation":{"x":0.13099530339241029,"y":0.0193322841078043,"z":-0.0025545533280819656,"w":0.9912064075469971},"size":12.850306510925293,"orthographic":false}