{"cameraMode":{"drawMode":0,"name":"Shaded","section":"Shading Mode"},"sceneLighting":false,"audioPlay":false,"sceneViewState":{"m_AlwaysRefresh":false,"showFog":true,"showSkybox":false,"showFlares":true,"showImageEffects":true,"showParticleSystems":true,"showVisualEffectGraphs":true,"m_FxEnabled":false},"in2DMode":false,"pivot":{"x":0.46000003814697268,"y":9.399999618530274,"z":1.899999976158142},"rotation":{"x":0.29295390844345095,"y":0.002862205496057868,"z":-0.0008822035742923617,"w":0.9561405181884766},"size":0.866025447845459,"orthographic":false}